580774	1	a	bir	artikel	I'm a man.	Ben bir erkeğim.	https://audio.tatoeba.org/sentences/eng/580774.mp3	[sound:580774.mp3]
241003	2	about	hakkında, üzerine		Think about it.	Bunu düşünün / Bunun hakkında düşünün.	https://audio.tatoeba.org/sentences/eng/241003.mp3	[sound:241003.mp3]
3374177	2	about	hakkında, üzerine		I lied about it.	Onun hakkında yalan söyledim.	https://audio.tatoeba.org/sentences/eng/3374177.mp3	[sound:3374177.mp3]
914026	2	about	hakkında, üzerine		What is it about?	O ne hakkında?	https://audio.tatoeba.org/sentences/eng/914026.mp3	[sound:914026.mp3]
2235698	2	about	hakkında, üzerine		Forget about Tom.	Tom'u unut.	https://audio.tatoeba.org/sentences/eng/2235698.mp3	[sound:2235698.mp3]
2549643	2	about	neredeyse, hemen hemen, yaklaşık		I'm about done.	Hemen hemen bitirdim.	https://audio.tatoeba.org/sentences/eng/2549643.mp3	[sound:2549643.mp3]
24599	2	about	neredeyse, hemen hemen, yaklaşık		About what time?	Yaklaşık saat kaçta?	https://audio.tatoeba.org/sentences/eng/24599.mp3	[sound:24599.mp3]
33483	2	about	neredeyse, hemen hemen, yaklaşık		I'm about ready.	Ben neredeyse hazırım.	https://audio.tatoeba.org/sentences/eng/33483.mp3	[sound:33483.mp3]
16491	2	How about	nasıl bulursun, ne dersin	bunun hakkında ne düşünürsün gibi	How about you?	Peki ya sen?	https://audio.tatoeba.org/sentences/eng/16491.mp3	[sound:16491.mp3]
56368	2	How about	nasıl bulursun, ne dersin	bunun hakkında ne düşünürsün gibi	How about that!	Buna ne dersin!	https://audio.tatoeba.org/sentences/eng/56368.mp3	[sound:56368.mp3]
2871763	2	How about	nasıl bulursun, ne dersin	bunun hakkında ne düşünürsün gibi	How about a hug?	Bir sarılmaya ne dersin?	https://audio.tatoeba.org/sentences/eng/2871763.mp3	[sound:2871763.mp3]
1358780	2	How about	nasıl bulursun, ne dersin	bunun hakkında ne düşünürsün gibi	How about Friday?	Cuma'ya ne dersin?	https://audio.tatoeba.org/sentences/eng/1358780.mp3	[sound:1358780.mp3]
43098	3	all	her şey, hepsi, herkes	everything kelimesinin eşanlamlısı	That's all.	Hepsi bu.	https://audio.tatoeba.org/sentences/eng/43098.mp3	[sound:43098.mp3]
2241010	3	all	her şey, hepsi, herkes		We all die.	Hepimiz ölürüz.	https://audio.tatoeba.org/sentences/eng/2241010.mp3	[sound:2241010.mp3]
322610	3	all	her şey, hepsi, herkes		All is well.	Her şey yolunda.	https://audio.tatoeba.org/sentences/eng/322610.mp3	[sound:322610.mp3]
2247905	3	all	her şey, hepsi, herkes		I'm all set.	Tamamen hazırım.	https://audio.tatoeba.org/sentences/eng/2247905.mp3	[sound:2247905.mp3]
262358	4	also	de, bile		I also went.	Ben de gittim.	https://audio.tatoeba.org/sentences/eng/262358.mp3	[sound:262358.mp3]
2441093	4	also	de, bile		He also saw it.	Onu o da gördü.	https://audio.tatoeba.org/sentences/eng/2441093.mp3	[sound:2441093.mp3]
304906	4	also	de, bile		He will also go.	O da gidecek.	https://audio.tatoeba.org/sentences/eng/304906.mp3	[sound:304906.mp3]
5975697	4	also	de, bile		I also did that.	Onu ben de yaptım.	https://audio.tatoeba.org/sentences/eng/5975697.mp3	[sound:5975697.mp3]
2245192	5	and	ve		Come and see.	Gel ve gör.	https://audio.tatoeba.org/sentences/eng/2245192.mp3	[sound:2245192.mp3]
2029931	6	as	gibi		Do as I say.	Söylediğim gibi yap.	https://audio.tatoeba.org/sentences/eng/2029931.mp3	[sound:2029931.mp3]
17188	6	as	gibi		Do as you like.	İstediğiniz gibi yapın.	https://audio.tatoeba.org/sentences/eng/17188.mp3	[sound:17188.mp3]
5757912	6	as	gibi		I'll do as I like.	Hoşlandığım gibi yapacağım.	https://audio.tatoeba.org/sentences/eng/5757912.mp3	[sound:5757912.mp3]
3721633	6	as	gibi, kadar		It's as I feared.	Korktuğum kadarmış.	https://audio.tatoeba.org/sentences/eng/3721633.mp3	[sound:3721633.mp3]
	6	as	olarak		He worked as president.	O, başkan olarak çalıştı.	https://audio.tatoeba.org/sentences/eng/NA.mp3	[sound:NA.mp3]
1546061	6	as	olarak		I work as a teacher.	Öğretmen olarak çalışıyorum.	https://audio.tatoeba.org/sentences/eng/1546061.mp3	[sound:1546061.mp3]
5472116	6	as	olarak		We did it as a team.	Biz bunu takım olarak yaptık.	https://audio.tatoeba.org/sentences/eng/5472116.mp3	[sound:5472116.mp3]
6979834	6	as	olarak		I work as a cook.	Aşçı olarak çalışıyorum.	https://audio.tatoeba.org/sentences/eng/6979834.mp3	[sound:6979834.mp3]
2423004	6	as ... as ...	kadar	iki şey arasında kıyaslama yaparken	I'm as old as you.	Senin kadar büyüğüm.	https://audio.tatoeba.org/sentences/eng/2423004.mp3	[sound:2423004.mp3]
6872932	6	as ... as ...	kadar	iki şey arasında kıyaslama yaparken	I'm as rich as Tom.	Tom kadar zenginim.	https://audio.tatoeba.org/sentences/eng/6872932.mp3	[sound:6872932.mp3]
2839185	6	as ... as ...	kadar	iki şey arasında kıyaslama yaparken	He's as big as I am.	O benim kadar büyük.	https://audio.tatoeba.org/sentences/eng/2839185.mp3	[sound:2839185.mp3]
2648643	6	as well	de, bile		We agree as well.	Biz de kabul ediyoruz.	https://audio.tatoeba.org/sentences/eng/2648643.mp3	[sound:2648643.mp3]
1369146	6	as well	de, bile		He will go as well.	O da gidecek.	https://audio.tatoeba.org/sentences/eng/1369146.mp3	[sound:1369146.mp3]
5975563	6	as well	de, bile		I did that as well.	Onu ben de yaptım.	https://audio.tatoeba.org/sentences/eng/5975563.mp3	[sound:5975563.mp3]
404046	7	at	-de	"""in"" edatının eşanlamlısı"	I'm at home.	Ben evdeyim.	https://audio.tatoeba.org/sentences/eng/404046.mp3	[sound:404046.mp3]
2247930	7	at	-de	"""in"" edatının eşanlamlısı"	I'm at work.	İşteyim.	https://audio.tatoeba.org/sentences/eng/2247930.mp3	[sound:2247930.mp3]
7021201	7	at	-de	"""in"" edatının eşanlamlısı"	I'm at Tom's.	Tom'lardayım.	https://audio.tatoeba.org/sentences/eng/7021201.mp3	[sound:7021201.mp3]
591205	7	at	-de	"""in"" edatının eşanlamlısı"	Stay at home.	Evde kalın.	https://audio.tatoeba.org/sentences/eng/591205.mp3	[sound:591205.mp3]
2240807	7	at	-de	"""in"" edatının eşanlamlısı"	We're at war.	Biz savaştayız.	https://audio.tatoeba.org/sentences/eng/2240807.mp3	[sound:2240807.mp3]
72363	7	at	-de	saat ve zaman belirtirken	See you at 7.	Yedide görüşürüz.	https://audio.tatoeba.org/sentences/eng/72363.mp3	[sound:72363.mp3]
3154682	7	at	-de	saat ve zaman belirtirken	We eat at six.	Altıda yeriz.	https://audio.tatoeba.org/sentences/eng/3154682.mp3	[sound:3154682.mp3]
453580	7	at	-de	saat ve zaman belirtirken	I will go at 10.	Saat onda gideceğim.	https://audio.tatoeba.org/sentences/eng/453580.mp3	[sound:453580.mp3]
1937402	7	at	-e		Look at that!	Şuna bak!	https://audio.tatoeba.org/sentences/eng/1937402.mp3	[sound:1937402.mp3]
71962	7	at	-e		He shot at me.	O bana ateş etti.	https://audio.tatoeba.org/sentences/eng/71962.mp3	[sound:71962.mp3]
262412	7	at	-e		Look at me.	Bana bak.	https://audio.tatoeba.org/sentences/eng/262412.mp3	[sound:262412.mp3]
1891024	7	at	-e		I'm mad at you.	Sana kızgınım.	https://audio.tatoeba.org/sentences/eng/1891024.mp3	[sound:1891024.mp3]
5840514	7	at	-e		I smiled at Tom.	Tom'a gülümsedim.	https://audio.tatoeba.org/sentences/eng/5840514.mp3	[sound:5840514.mp3]
1501	8	be	olmak		It can't be!	Olamaz!	https://audio.tatoeba.org/sentences/eng/1501.mp3	[sound:1501.mp3]
2247676	8	be	olmak		I'll be OK.	İyi olacağım.	https://audio.tatoeba.org/sentences/eng/2247676.mp3	[sound:2247676.mp3]
390924	8	be	olmak	utangaç olma = utanma	Don't be shy.	Utanma.	https://audio.tatoeba.org/sentences/eng/390924.mp3	[sound:390924.mp3]
1096441	8	be	olmak	tekrar burada olmak = geri döneceğim	I'll be back.	Geri döneceğim.	https://audio.tatoeba.org/sentences/eng/1096441.mp3	[sound:1096441.mp3]
1890867	8	be	olmak		I'll be fine.	İyi olacağım.	https://audio.tatoeba.org/sentences/eng/1890867.mp3	[sound:1890867.mp3]
1890869	8	be	olmak		I'll be here.	Burada olacağım.	https://audio.tatoeba.org/sentences/eng/1890869.mp3	[sound:1890869.mp3]
2249389	8	be	olmak		Just be calm.	Sadece sakin ol.	https://audio.tatoeba.org/sentences/eng/2249389.mp3	[sound:2249389.mp3]
1641530	8	be	olmak		Don't be evil.	Kötü olmayın.	https://audio.tatoeba.org/sentences/eng/1641530.mp3	[sound:1641530.mp3]
2300619	8	be	olmak		I can be good.	İyi olabilirim.	https://audio.tatoeba.org/sentences/eng/2300619.mp3	[sound:2300619.mp3]
2247679	8	be	olmak		I'll be quick.	Hızlı olacağım.	https://audio.tatoeba.org/sentences/eng/2247679.mp3	[sound:2247679.mp3]
1023210	8	be	olmak		That can't be.	Olamaz.	https://audio.tatoeba.org/sentences/eng/1023210.mp3	[sound:1023210.mp3]
2007923	8	be	olmak		Let's be safe.	Güvende olalım.	https://audio.tatoeba.org/sentences/eng/2007923.mp3	[sound:2007923.mp3]
282402	8	be	olmak		Don't be silly.	Aptal olma.	https://audio.tatoeba.org/sentences/eng/282402.mp3	[sound:282402.mp3]
2387090	8	be	olmak		I may be right.	Haklı olabilirim.	https://audio.tatoeba.org/sentences/eng/2387090.mp3	[sound:2387090.mp3]
1740523	8	be	olmak		I may be wrong.	Hatalı olabilirim.	https://audio.tatoeba.org/sentences/eng/1740523.mp3	[sound:1740523.mp3]
3724830	8	be	olmak		I must be calm.	Sakin olmalıyım.	https://audio.tatoeba.org/sentences/eng/3724830.mp3	[sound:3724830.mp3]
2247648	8	be	olmak		I'd be careful.	Dikkatli olurdum.	https://audio.tatoeba.org/sentences/eng/2247648.mp3	[sound:2247648.mp3]
2247648	8	be	olmak		I'd be careful.	Dikkatli olurdum.	https://audio.tatoeba.org/sentences/eng/2247648.mp3	[sound:2247648.mp3]
2247650	8	be	olmak		I'd be grateful.	Minnettar olurdum.	https://audio.tatoeba.org/sentences/eng/2247650.mp3	[sound:2247650.mp3]
42096	8	be	olmak		It may be true.	Bu doğru olabilir.	https://audio.tatoeba.org/sentences/eng/42096.mp3	[sound:42096.mp3]
2262206	8	be	olmak		It must be Tom.	O Tom olmalı.	https://audio.tatoeba.org/sentences/eng/2262206.mp3	[sound:2262206.mp3]
2248964	8	be	olmak		It'll be funny.	Komik olacak.	https://audio.tatoeba.org/sentences/eng/2248964.mp3	[sound:2248964.mp3]
2248972	8	be	olmak		It'll be ready.	Hazır olacak.	https://audio.tatoeba.org/sentences/eng/2248972.mp3	[sound:2248972.mp3]
2007910	8	be	olmak		Let's be brave.	Cesur olalım.	https://audio.tatoeba.org/sentences/eng/2007910.mp3	[sound:2007910.mp3]
1615177	8	be	olmak		Let's be happy.	Mutlu olalım.	https://audio.tatoeba.org/sentences/eng/1615177.mp3	[sound:1615177.mp3]
2249393	8	be	olmak		Just be strong.	Sadece güçlü ol.	https://audio.tatoeba.org/sentences/eng/2249393.mp3	[sound:2249393.mp3]
4397599	8	be	olmak		Just let us be.	Sadece bizi rahat bırakın.	https://audio.tatoeba.org/sentences/eng/4397599.mp3	[sound:4397599.mp3]
4397571	8	be	olmak		That'd be cool.	Bu havalı olurdu.	https://audio.tatoeba.org/sentences/eng/4397571.mp3	[sound:4397571.mp3]
3721963	8	be	olmak		That'd be good.	Bu iyi olurdu.	https://audio.tatoeba.org/sentences/eng/3721963.mp3	[sound:3721963.mp3]
3312953	8	be	olmak		We may be late.	Geç kalabiliriz.	https://audio.tatoeba.org/sentences/eng/3312953.mp3	[sound:3312953.mp3]
3731897	8	be	olmak		Can I be honest?	Dürüst olabilir miyim?	https://audio.tatoeba.org/sentences/eng/3731897.mp3	[sound:3731897.mp3]
2255340	8	be	olmak		You'll be free.	Özgür olacaksın.	https://audio.tatoeba.org/sentences/eng/2255340.mp3	[sound:2255340.mp3]
2387211	8	be	olmak		I might be back.	Geri dönebilirim.	https://audio.tatoeba.org/sentences/eng/2387211.mp3	[sound:2387211.mp3]
6196187	8	be	olmak		I might be late.	Geç kalabilirim.	https://audio.tatoeba.org/sentences/eng/6196187.mp3	[sound:6196187.mp3]
3178616	8	be	olmak	be done = yapılmış olmalı	It must be done.	Bu yapılmalı.	https://audio.tatoeba.org/sentences/eng/3178616.mp3	[sound:3178616.mp3]
3178613	8	be	olmak		It must be hard.	Bu zor olmalı.	https://audio.tatoeba.org/sentences/eng/3178613.mp3	[sound:3178613.mp3]
302334	8	be	-dir	I am. You are. He is.	He is old.	O yaşlıdır.	https://audio.tatoeba.org/sentences/eng/302334.mp3	[sound:302334.mp3]
371409	8	be	-dir	I am. You are. He is.	He is ill.	O, hasta.	https://audio.tatoeba.org/sentences/eng/371409.mp3	[sound:371409.mp3]
2203136	8	be	-dir	I am. You are. He is.	Tom is OK.	Tom iyi.	https://audio.tatoeba.org/sentences/eng/2203136.mp3	[sound:2203136.mp3]
2236731	8	be	-dir	I am. You are. He is.	Tom is in.	Tom içeride.	https://audio.tatoeba.org/sentences/eng/2236731.mp3	[sound:2236731.mp3]
2202600	8	be	-dir	I am. You are. He is.	Tom is back.	Tom geri geldi.	https://audio.tatoeba.org/sentences/eng/2202600.mp3	[sound:2202600.mp3]
3428635	8	be	-dir	I am. You are. He is.	Life is good.	Yaşam güzeldir.	https://audio.tatoeba.org/sentences/eng/3428635.mp3	[sound:3428635.mp3]
2233709	8	be	-dir	I am. You are. He is.	This is mine.	Bu benim.	https://audio.tatoeba.org/sentences/eng/2233709.mp3	[sound:2233709.mp3]
2233711	8	be	-dir	I am. You are. He is.	This is nice.	Bu güzel.	https://audio.tatoeba.org/sentences/eng/2233711.mp3	[sound:2233711.mp3]
2233713	8	be	-dir	I am. You are. He is.	This is nuts.	Bu çılgın.	https://audio.tatoeba.org/sentences/eng/2233713.mp3	[sound:2233713.mp3]
1349952	8	be	-dir	I am. You are. He is.	It's me!	Benim!	https://audio.tatoeba.org/sentences/eng/1349952.mp3	[sound:1349952.mp3]
1780073	8	be	-dir	I am. You are. He is.	He's wet.	O ıslak.	https://audio.tatoeba.org/sentences/eng/1780073.mp3	[sound:1780073.mp3]
456175	8	be	-dir	I am. You are. He is.	It's 3:30.	Saat 3:30.	https://audio.tatoeba.org/sentences/eng/456175.mp3	[sound:456175.mp3]
2123583	8	be	-dir	I am. You are. He is.	It's right.	O doğru.	https://audio.tatoeba.org/sentences/eng/2123583.mp3	[sound:2123583.mp3]
2123579	8	be	-dir	I am. You are. He is.	It's scary.	O korkutucu.	https://audio.tatoeba.org/sentences/eng/2123579.mp3	[sound:2123579.mp3]
2203693	8	be	-dir	I am. You are. He is.	What's good?	Ne iyidir?	https://audio.tatoeba.org/sentences/eng/2203693.mp3	[sound:2203693.mp3]
2549803	8	be	-dir	I am. You are. He is.	What's next?	Sıradaki ne?	https://audio.tatoeba.org/sentences/eng/2549803.mp3	[sound:2549803.mp3]
50984	8	be	-dir	I am. You are. He is.	Who's there?	Kim var orada?	https://audio.tatoeba.org/sentences/eng/50984.mp3	[sound:50984.mp3]
2203308	8	be	-dir	I am. You are. He is.	We're sad.	Biz üzgünüz.	https://audio.tatoeba.org/sentences/eng/2203308.mp3	[sound:2203308.mp3]
2242978	8	be	-dir	I am. You are. He is.	They're fat.	Onlar şişmanlar.	https://audio.tatoeba.org/sentences/eng/2242978.mp3	[sound:2242978.mp3]
2202690	8	be	-dir	I am. You are. He is.	You're cool.	Sen sakinsin.	https://audio.tatoeba.org/sentences/eng/2202690.mp3	[sound:2202690.mp3]
4368269	8	be	-dir	I am. You are. He is.	You're very shy.	Sen çok utangaçsın.	https://audio.tatoeba.org/sentences/eng/4368269.mp3	[sound:4368269.mp3]
2242972	8	be	-dir	I am. You are. He is.	They're children.	Onlar çocuklar.	https://audio.tatoeba.org/sentences/eng/2242972.mp3	[sound:2242972.mp3]
2243651	8	be	-dir	I am. You are. He is.	They're not real.	Onlar gerçek değil.	https://audio.tatoeba.org/sentences/eng/2243651.mp3	[sound:2243651.mp3]
433544	8	be	-dir	I am. You are. He is.	This is true.	Bu doğru.	https://audio.tatoeba.org/sentences/eng/433544.mp3	[sound:433544.mp3]
392210	8	be	-dir	I am. You are. He is.	What is this?	Bu nedir?	https://audio.tatoeba.org/sentences/eng/392210.mp3	[sound:392210.mp3]
2240332	8	be	-dir	I am. You are. He is.	Where is Tom?	Tom nerede?	https://audio.tatoeba.org/sentences/eng/2240332.mp3	[sound:2240332.mp3]
871554	8	be	-dir	I am. You are. He is.	Who is there?	Kim var orada?	https://audio.tatoeba.org/sentences/eng/871554.mp3	[sound:871554.mp3]
2248736	8	be	-dir	I am. You are. He is.	It isn't easy.	Kolay değil.	https://audio.tatoeba.org/sentences/eng/2248736.mp3	[sound:2248736.mp3]
1868130	8	be	-dir	I am. You are. He is.	Tom isn't dead.	Tom ölmedi.	https://audio.tatoeba.org/sentences/eng/1868130.mp3	[sound:1868130.mp3]
2236959	8	be	-dir	I am. You are. He is.	Tom isn't done.	Tom hazır değil.	https://audio.tatoeba.org/sentences/eng/2236959.mp3	[sound:2236959.mp3]
2236968	8	be	-dir	I am. You are. He is.	Tom isn't funny.	Tom komik değil.	https://audio.tatoeba.org/sentences/eng/2236968.mp3	[sound:2236968.mp3]
2549240	8	be	-dir	I am. You are. He is.	Tom isn't hungry.	Tom aç değil.	https://audio.tatoeba.org/sentences/eng/2549240.mp3	[sound:2549240.mp3]
6357953	8	be	-dir	I am. You are. He is.	That isn't my car.	Bu benim arabam değil.	https://audio.tatoeba.org/sentences/eng/6357953.mp3	[sound:6357953.mp3]
1862	8	be	-yor	şimdiki zaman	It is raining.	Yağmur yağıyor.	https://audio.tatoeba.org/sentences/eng/1862.mp3	[sound:1862.mp3]
378913	8	be	-yor	şimdiki zaman	It is snowing.	Kar yağıyor.	https://audio.tatoeba.org/sentences/eng/378913.mp3	[sound:378913.mp3]
311854	8	be	-yor	şimdiki zaman	She is crying.	O, ağlıyor.	https://audio.tatoeba.org/sentences/eng/311854.mp3	[sound:311854.mp3]
1872079	8	be	-yor	şimdiki zaman	She is running.	Koşuyor.	https://audio.tatoeba.org/sentences/eng/1872079.mp3	[sound:1872079.mp3]
1476284	8	be	-yor	şimdiki zaman	She is talking.	O, konuşuyor.	https://audio.tatoeba.org/sentences/eng/1476284.mp3	[sound:1476284.mp3]
1202628	8	be	-yor	şimdiki zaman	She is walking.	O yürüyor.	https://audio.tatoeba.org/sentences/eng/1202628.mp3	[sound:1202628.mp3]
1689909	9	because	çünkü		I do it because I have to.	Onu yapıyorum çünkü yapmak zorundayım.	https://audio.tatoeba.org/sentences/eng/1689909.mp3	[sound:1689909.mp3]
6348166	9	because	çünkü		I can't do that, because I'm busy.	Onu yapamam, çünkü meşgulüm.	https://audio.tatoeba.org/sentences/eng/6348166.mp3	[sound:6348166.mp3]
1564891	9	because	çünkü		I'm happy because you're here.	Mutluyum çünkü buradasın.	https://audio.tatoeba.org/sentences/eng/1564891.mp3	[sound:1564891.mp3]
5055683	9	because	çünkü		I came because of Tom.	Tom'dan dolayı geldim.	https://audio.tatoeba.org/sentences/eng/5055683.mp3	[sound:5055683.mp3]
2667962	9	because	çünkü		I couldn't come because it rained.	Gelemedim çünkü yağmur yağdı.	https://audio.tatoeba.org/sentences/eng/2667962.mp3	[sound:2667962.mp3]
434862	9	because	çünkü		He couldn't come because he was ill.	Gelemedi çünkü hastaydı.	https://audio.tatoeba.org/sentences/eng/434862.mp3	[sound:434862.mp3]
3618710	9	because	-den dolayı, -in yüzünden, olduğu için		Tom is here because of me.	Tom benden dolayı burada.	https://audio.tatoeba.org/sentences/eng/3618710.mp3	[sound:3618710.mp3]
491398	9	because	-den dolayı, -in yüzünden, olduğu için		I like Tom because he's honest.	Dürüst olduğundan dolayı Tom'u severim.	https://audio.tatoeba.org/sentences/eng/491398.mp3	[sound:491398.mp3]
26797	9	because	-den dolayı, -in yüzünden, olduğu için		I was late because of the rain.	Yağmurdan dolayı geç kaldım.	https://audio.tatoeba.org/sentences/eng/26797.mp3	[sound:26797.mp3]
2113414	9	because	-den dolayı, -in yüzünden, olduğu için		I'm still angry because of her.	Ben onun yüzünden hâlâ kızgınım.	https://audio.tatoeba.org/sentences/eng/2113414.mp3	[sound:2113414.mp3]
6666325	9	because	-den dolayı, -in yüzünden, olduğu için		I got into trouble because of Tom.	Tom yüzünden başım belaya girdi.	https://audio.tatoeba.org/sentences/eng/6666325.mp3	[sound:6666325.mp3]
6086280	9	because	-den dolayı, -in yüzünden, olduğu için		We stayed home because of the snow.	Kar yüzünden evde kaldık.	https://audio.tatoeba.org/sentences/eng/6086280.mp3	[sound:6086280.mp3]
1148011	9	because	-den dolayı, -in yüzünden, olduğu için		I eat because I'm hungry.	Aç olduğum için yerim.	https://audio.tatoeba.org/sentences/eng/1148011.mp3	[sound:1148011.mp3]
388616	9	because	-den dolayı, -in yüzünden, olduğu için		I do it because I want to.	Ben istediğim için onu yaparım.	https://audio.tatoeba.org/sentences/eng/388616.mp3	[sound:388616.mp3]
5735681	9	because	-den dolayı, -in yüzünden, olduğu için		It's funny because it's true.	Doğru olduğu için komiktir.	https://audio.tatoeba.org/sentences/eng/5735681.mp3	[sound:5735681.mp3]
2047593	10	but	fakat, ama		But I was careful.	Fakat ben dikkatliydim.	https://audio.tatoeba.org/sentences/eng/2047593.mp3	[sound:2047593.mp3]
887550	11	by	tarafından		She was kissed by him.	O onun tarafından öpüldü.	https://audio.tatoeba.org/sentences/eng/887550.mp3	[sound:887550.mp3]
6812214	11	by	tarafından		I was beaten by Tom.	Tom tarafından dövüldüm.	https://audio.tatoeba.org/sentences/eng/6812214.mp3	[sound:6812214.mp3]
2329612	11	by	tarafından		I got hit by a car.	Bir araba tarafından çarpıldım. / Bir araba bana çarptı.	https://audio.tatoeba.org/sentences/eng/2329612.mp3	[sound:2329612.mp3]
6033420	11	by	tarafından		I got hit by a girl.	Bir kız tarafından çarpıldım.	https://audio.tatoeba.org/sentences/eng/6033420.mp3	[sound:6033420.mp3]
316282	11	by	tarafından		She is loved by him.	O, onun tarafından sevilir.	https://audio.tatoeba.org/sentences/eng/316282.mp3	[sound:316282.mp3]
5938387	11	by	tarafından		I was invited by Tom.	Tom tarafından davet edildim.	https://audio.tatoeba.org/sentences/eng/5938387.mp3	[sound:5938387.mp3]
2249967	11	by	yanında, yanına, yanından		Sit by me.	Yanıma otur.	https://audio.tatoeba.org/sentences/eng/2249967.mp3	[sound:2249967.mp3]
2280254	11	by	yanında, yanına, yanından		A car went by.	Bir araba geçti.	https://audio.tatoeba.org/sentences/eng/2280254.mp3	[sound:2280254.mp3]
2238760	11	by	yanında, yanına, yanından	stop by: yanımda durmak gibi	Tom stopped by.	Tom uğradı.	https://audio.tatoeba.org/sentences/eng/2238760.mp3	[sound:2238760.mp3]
1542761	11	by	yanında, yanına, yanından		I'm by your side.	Senin tarafındayım. / Senin yanındayım.	https://audio.tatoeba.org/sentences/eng/1542761.mp3	[sound:1542761.mp3]
2474288	11	by	yanında, yanına, yanından	pass by: yanından geçmek	Tom passed by me.	Tom yanımdan geçti.	https://audio.tatoeba.org/sentences/eng/2474288.mp3	[sound:2474288.mp3]
718348	11	by	yanında, yanına, yanından	fine by me: benim yanımdan/yönümden iyi	That's fine by me.	O bana uyar.	https://audio.tatoeba.org/sentences/eng/718348.mp3	[sound:718348.mp3]
72859	11	by	yanında, yanına, yanından	went by: yanımdan gitti / geçti	Two weeks went by.	İki hafta geçti.	https://audio.tatoeba.org/sentences/eng/72859.mp3	[sound:72859.mp3]
2300215	11	by	ile		I came by bus.	Otobüsle geldim.	https://audio.tatoeba.org/sentences/eng/2300215.mp3	[sound:2300215.mp3]
41748	11	by	ile		Send it by mail.	Posta ile gönder.	https://audio.tatoeba.org/sentences/eng/41748.mp3	[sound:41748.mp3]
5651623	11	by	ile		I'll go by plane.	Uçakla gideceğim.	https://audio.tatoeba.org/sentences/eng/5651623.mp3	[sound:5651623.mp3]
5157788	11	by	ile	by example: örnekle	I lead by example.	Davranışlarımla örnek oluyorum.	https://audio.tatoeba.org/sentences/eng/5157788.mp3	[sound:5157788.mp3]
287646	11	by	ile	by name: ismiyle / ismen	I know him by name.	Ben onu ismen tanıyorum. / Ben onu ismiyle tanıyorum.	https://audio.tatoeba.org/sentences/eng/287646.mp3	[sound:287646.mp3]
2548717	11	by	ile	by choice: tercihimle / tercihen	I'm here by choice.	Tercihen buradayım.	https://audio.tatoeba.org/sentences/eng/2548717.mp3	[sound:2548717.mp3]
5753753	11	by	-erek, ile (fiiller için)		We learned by doing.	Yaparak öğrendik.	https://audio.tatoeba.org/sentences/eng/5753753.mp3	[sound:5753753.mp3]
270056	11	by	-erek, ile (fiiller için)		We learn by teaching.	Öğreterek öğreniriz.	https://audio.tatoeba.org/sentences/eng/270056.mp3	[sound:270056.mp3]
279685	11	by	-erek, ile (fiiller için)		We'll decide by voting.	Oylayarak karar vereceğiz.	https://audio.tatoeba.org/sentences/eng/279685.mp3	[sound:279685.mp3]
303476	11	by	-erek, ile (fiiller için)		He lives by begging.	O dilenerek yaşıyor.	https://audio.tatoeba.org/sentences/eng/303476.mp3	[sound:303476.mp3]
5858500	11	by	(kendi) başına		I came by myself.	Kendim geldim.	https://audio.tatoeba.org/sentences/eng/5858500.mp3	[sound:5858500.mp3]
2675568	11	by	(kendi) başına		I live by myself.	Ben tek başıma yaşıyorum.	https://audio.tatoeba.org/sentences/eng/2675568.mp3	[sound:2675568.mp3]
2395	11	by	(kendi) başına		We left by train.	Biz trenle gittik. / Biz trenle ayrıldık.	https://audio.tatoeba.org/sentences/eng/2395.mp3	[sound:2395.mp3]
327656	11	by	(kendi) başına		Do it by yourself.	Onu tek başına yap.	https://audio.tatoeba.org/sentences/eng/327656.mp3	[sound:327656.mp3]
2549085	11	by	(kendi) başına		I'm all by myself.	Ben tek başımayım.	https://audio.tatoeba.org/sentences/eng/2549085.mp3	[sound:2549085.mp3]
2648354	11	by	(kendi) başına		Tom is by himself.	Tom kendi başına.	https://audio.tatoeba.org/sentences/eng/2648354.mp3	[sound:2648354.mp3]
4498221	11	by	(kendi) başına		Tom ate by himself.	Tom kendi başına yemek yedi.	https://audio.tatoeba.org/sentences/eng/4498221.mp3	[sound:4498221.mp3]
72406	11	by	-e kadar	belirli bir zamana kadar	Come home by 6:30.	6:30'a kadar eve gel.	https://audio.tatoeba.org/sentences/eng/72406.mp3	[sound:72406.mp3]
2548796	11	by	-e kadar	belirli bir zamana kadar / daha sonraki bir zamana kadar	I'll come by later.	Daha sonra geleceğim.	https://audio.tatoeba.org/sentences/eng/2548796.mp3	[sound:2548796.mp3]
2547865	11	by	-e kadar	belirli bir zamana kadar	I'll be back by then.	O zamana kadar döneceğim.	https://audio.tatoeba.org/sentences/eng/2547865.mp3	[sound:2547865.mp3]
3311982	11	by	-e kadar	belirli bir zamana kadar	We'll come by tonight.	Bu gece ziyaret edeceğiz.	https://audio.tatoeba.org/sentences/eng/3311982.mp3	[sound:3311982.mp3]
2245195	11	by	-e kadar	belirli bir zamana kadar	Come by tomorrow.	Yarına kadar gel.	https://audio.tatoeba.org/sentences/eng/2245195.mp3	[sound:2245195.mp3]
6532423	11	by	-e kadar	belirli bir zamana kadar	Be here by 2:30.	2.30'a kadar burada ol.	https://audio.tatoeba.org/sentences/eng/6532423.mp3	[sound:6532423.mp3]
774825	12	can	-bil		I can fly.	Uçabilirim.	https://audio.tatoeba.org/sentences/eng/774825.mp3	[sound:774825.mp3]
1173661	12	can	-bil		I can run.	Koşabilirim.	https://audio.tatoeba.org/sentences/eng/1173661.mp3	[sound:1173661.mp3]
6274935	12	can	-bil		I can't come.	Ben gelemem.	https://audio.tatoeba.org/sentences/eng/6274935.mp3	[sound:6274935.mp3]
1951439	12	can	-bil		I can't cook.	Yemek pişiremem.	https://audio.tatoeba.org/sentences/eng/1951439.mp3	[sound:1951439.mp3]
1023210	12	can	-bil		That can't be.	O, olamaz.	https://audio.tatoeba.org/sentences/eng/1023210.mp3	[sound:1023210.mp3]
2798328	12	can	-bil		Do what you can.	Elinden geleni yap. / Ne yapabilirsen yap.	https://audio.tatoeba.org/sentences/eng/2798328.mp3	[sound:2798328.mp3]
2301253	12	can	-bil		I can help them.	Onlara yardım edebilirim.	https://audio.tatoeba.org/sentences/eng/2301253.mp3	[sound:2301253.mp3]
5828685	13	come	gelmek		I'll come.	Geleceğim.	https://audio.tatoeba.org/sentences/eng/5828685.mp3	[sound:5828685.mp3]
1495915	13	come	gelmek		Did Tom come?	Tom geldi mi?	https://audio.tatoeba.org/sentences/eng/1495915.mp3	[sound:1495915.mp3]
427920	13	come	gelmek		Can I come in?	Girebilir miyim. / İçeri gelebilir miyim?	https://audio.tatoeba.org/sentences/eng/427920.mp3	[sound:427920.mp3]
2243252	13	come	gelmek		They may come.	Onlar gelebilirler.	https://audio.tatoeba.org/sentences/eng/2243252.mp3	[sound:2243252.mp3]
5851782	13	come	gelmek		I may not come.	Gelmeyebilirim.	https://audio.tatoeba.org/sentences/eng/5851782.mp3	[sound:5851782.mp3]
1682052	13	come	gelmek		I cannot come next week.	Önümüzdeki hafta gelemem.	https://audio.tatoeba.org/sentences/eng/1682052.mp3	[sound:1682052.mp3]
3735286	13	come	gelmek		Let me come, too.	Ben de geleyim.	https://audio.tatoeba.org/sentences/eng/3735286.mp3	[sound:3735286.mp3]
2245661	14	could	-bil; -bilirdi; -bildi		I could try.	Deneyebildim.	https://audio.tatoeba.org/sentences/eng/2245661.mp3	[sound:2245661.mp3]
1636087	14	could	-bil; -bilirdi; -bildi		He could die.	Ölebilirdi.	https://audio.tatoeba.org/sentences/eng/1636087.mp3	[sound:1636087.mp3]
2245659	14	could	-bil; -bilirdi; -bildi		I could help.	Yardım edebildim.	https://audio.tatoeba.org/sentences/eng/2245659.mp3	[sound:2245659.mp3]
2245662	14	could	-bil; -bilirdi; -bildi		I could walk.	Yürüyebiliyordum.	https://audio.tatoeba.org/sentences/eng/2245662.mp3	[sound:2245662.mp3]
2308081	14	could	-bil; -bilirdi; -bildi		I could do that.	Onu yapabilirim.	https://audio.tatoeba.org/sentences/eng/2308081.mp3	[sound:2308081.mp3]
3722996	14	could	-bil; -bilirdi; -bildi		I could use one.	Ben bir tane kullanabildim.	https://audio.tatoeba.org/sentences/eng/3722996.mp3	[sound:3722996.mp3]
2250099	14	could	-bil; -bilirdi; -bildi		That could work.	O işe yarayabilir.	https://audio.tatoeba.org/sentences/eng/2250099.mp3	[sound:2250099.mp3]
2561173	14	could	-bil; -bilirdi; -bildi		What could I do?	Ne yapabilirim?	https://audio.tatoeba.org/sentences/eng/2561173.mp3	[sound:2561173.mp3]
2254710	14	could	-bil; -bilirdi; -bildi		Who could forget?	Kim unutabildi?	https://audio.tatoeba.org/sentences/eng/2254710.mp3	[sound:2254710.mp3]
3151553	15	day	gün		Give me a day.	Bana bir gün ver.	https://audio.tatoeba.org/sentences/eng/3151553.mp3	[sound:3151553.mp3]
2163054	15	day	gün		Enjoy your day.	Günün tadını çıkar.	https://audio.tatoeba.org/sentences/eng/2163054.mp3	[sound:2163054.mp3]
5682372	15	day	gün		I work all day.	Bütün gün çalışıyorum.	https://audio.tatoeba.org/sentences/eng/5682372.mp3	[sound:5682372.mp3]
2259827	15	day	gün		What a hot day!	Ne sıcak bir gün!	https://audio.tatoeba.org/sentences/eng/2259827.mp3	[sound:2259827.mp3]
3326719	15	day	gün		Have a good day.	İyi günler.	https://audio.tatoeba.org/sentences/eng/3326719.mp3	[sound:3326719.mp3]
5850604	15	day	gün		I had a bad day.	Kötü bir gün geçirdim.	https://audio.tatoeba.org/sentences/eng/5850604.mp3	[sound:5850604.mp3]
261849	15	day	gün		I run every day.	Her gün koşarım.	https://audio.tatoeba.org/sentences/eng/261849.mp3	[sound:261849.mp3]
4401053	15	day	gün		I slept all day.	Bütün gün uyudum.	https://audio.tatoeba.org/sentences/eng/4401053.mp3	[sound:4401053.mp3]
2571096	15	day	gün		It's not my day.	Bugün benim günüm değil.	https://audio.tatoeba.org/sentences/eng/2571096.mp3	[sound:2571096.mp3]
1652328	15	day	gün	deyim	You made my day.	Beni sevindirdin.	https://audio.tatoeba.org/sentences/eng/1652328.mp3	[sound:1652328.mp3]
953356	15	day	gün		How was your day?	Günün nasıl geçti?	https://audio.tatoeba.org/sentences/eng/953356.mp3	[sound:953356.mp3]
2331590	15	day	gün		I had a hard day.	Zor bir gün geçirdim.	https://audio.tatoeba.org/sentences/eng/2331590.mp3	[sound:2331590.mp3]
1062299	15	day	gün	day off: izin günü	I need a day off.	Benim bir gün izne ihtiyacım var.	https://audio.tatoeba.org/sentences/eng/1062299.mp3	[sound:1062299.mp3]
1887924	15	day	gün	I was in: içerideydim	I was in all day.	Bütün gün evdeydim.	https://audio.tatoeba.org/sentences/eng/1887924.mp3	[sound:1887924.mp3]
433663	15	day	gün	clear: hava açık anlamında	It's a clear day.	Bu açık bir gün.	https://audio.tatoeba.org/sentences/eng/433663.mp3	[sound:433663.mp3]
5000006	15	day	gün		We had a fun day.	Biz eğlenceli bir gün geçirdik.	https://audio.tatoeba.org/sentences/eng/5000006.mp3	[sound:5000006.mp3]
327373	15	day	gün		I was out all day.	Ben bütün gün dışardaydım.	https://audio.tatoeba.org/sentences/eng/327373.mp3	[sound:327373.mp3]
2464841	15	day	gün		There's a day left.	Bir gün kaldı.	https://audio.tatoeba.org/sentences/eng/2464841.mp3	[sound:2464841.mp3]
6196261	16	do	yapmak		I do that.	Ben bunu yaparım.	https://audio.tatoeba.org/sentences/eng/6196261.mp3	[sound:6196261.mp3]
433474	16	do	yapmak		I'll do it.	Ben onu yapacağım.	https://audio.tatoeba.org/sentences/eng/433474.mp3	[sound:433474.mp3]
431271	16	do	yapmak		Just do it.	Yap onu.	https://audio.tatoeba.org/sentences/eng/431271.mp3	[sound:431271.mp3]
1110626	16	do	yapmak		Don't do it!	Onu yapma.	https://audio.tatoeba.org/sentences/eng/1110626.mp3	[sound:1110626.mp3]
5828935	16	do	yapmak		I did do it.	Ben onu yaptım.	https://audio.tatoeba.org/sentences/eng/5828935.mp3	[sound:5828935.mp3]
6358694	16	do	yapmak	would ile	I'd do that.	Ben bunu yapardım.	https://audio.tatoeba.org/sentences/eng/6358694.mp3	[sound:6358694.mp3]
1115731	16	do	yapmak		Let's do it!	Hadi yapalım!	https://audio.tatoeba.org/sentences/eng/1115731.mp3	[sound:1115731.mp3]
2549796	16	do	yapmak		Can we do it?	Bunu yapabilir miyiz?	https://audio.tatoeba.org/sentences/eng/2549796.mp3	[sound:2549796.mp3]
43101	16	do	yapmak		I do want it.	Onu istiyorum.	https://audio.tatoeba.org/sentences/eng/43101.mp3	[sound:43101.mp3]
5186093	16	do	yapmak		I must do that.	Bunu yapmak zorundayım.	https://audio.tatoeba.org/sentences/eng/5186093.mp3	[sound:5186093.mp3]
249700	16	do	yapmak		Let me do it.	Onu yapmama izin ver.	https://audio.tatoeba.org/sentences/eng/249700.mp3	[sound:249700.mp3]
2453991	16	do	yapmak		We all do it.	Hepimiz onu yaparız.	https://audio.tatoeba.org/sentences/eng/2453991.mp3	[sound:2453991.mp3]
5840511	16	do	yapmak	could ile	I could do it.	Onu yapabilirdim.	https://audio.tatoeba.org/sentences/eng/5840511.mp3	[sound:5840511.mp3]
5902785	16	do	yapmak	may ile	I may do that.	Onu yapabilirim.	https://audio.tatoeba.org/sentences/eng/5902785.mp3	[sound:5902785.mp3]
6196231	16	do	yapmak		Never do that.	Bunu asla yapma.	https://audio.tatoeba.org/sentences/eng/6196231.mp3	[sound:6196231.mp3]
2649149	16	do	yapmak		How do we look?	Biz nasıl görünüyoruz?	https://audio.tatoeba.org/sentences/eng/2649149.mp3	[sound:2649149.mp3]
2331777	16	do	yapmak		I had to do it.	Onu yapmak zorunda kaldım.	https://audio.tatoeba.org/sentences/eng/2331777.mp3	[sound:2331777.mp3]
5366319	16	do	yapmak		I should do it.	Bunu yapmalıyım.	https://audio.tatoeba.org/sentences/eng/5366319.mp3	[sound:5366319.mp3]
2271706	16	do	yapmak		I didn't do much.	Çok fazla yapmadım.	https://audio.tatoeba.org/sentences/eng/2271706.mp3	[sound:2271706.mp3]
1723714	16	do	yapmak		He made me do it.	Onu bana yaptırdı.	https://audio.tatoeba.org/sentences/eng/1723714.mp3	[sound:1723714.mp3]
2291827	16	do	yapmak		I always do that.	Onu her zaman yaparım.	https://audio.tatoeba.org/sentences/eng/2291827.mp3	[sound:2291827.mp3]
2308212	16	do	yapmak		I couldn't do it.	Onu yapamadım.	https://audio.tatoeba.org/sentences/eng/2308212.mp3	[sound:2308212.mp3]
5858701	16	do	yapmak		I had work to do.	Yapacak işim vardı.	https://audio.tatoeba.org/sentences/eng/5858701.mp3	[sound:5858701.mp3]
2405852	16	do	yapmak		I said I'd do it.	Onu yapacağımı söyledim.	https://audio.tatoeba.org/sentences/eng/2405852.mp3	[sound:2405852.mp3]
5858997	16	do	yapmak		I tried to do it.	Bunu yapmaya çalıştım.	https://audio.tatoeba.org/sentences/eng/5858997.mp3	[sound:5858997.mp3]
3312738	16	do	yapmak		We can't do this.	Bunu yapamayız.	https://audio.tatoeba.org/sentences/eng/3312738.mp3	[sound:3312738.mp3]
24706	16	do	yapmak		What do you mean?	Ne demek istiyorsun?	https://audio.tatoeba.org/sentences/eng/24706.mp3	[sound:24706.mp3]
1013826	17	even	eşit	biz eşitiz = ödeştik	We're even.	Ödeştik.	https://audio.tatoeba.org/sentences/eng/1013826.mp3	[sound:1013826.mp3]
2270365	17	even	hatta, bile		Don't even try it.	Onu deneme bile.	https://audio.tatoeba.org/sentences/eng/2270365.mp3	[sound:2270365.mp3]
2271713	17	even	hatta, bile		I didn't even ask.	Ben sormadım bile.	https://audio.tatoeba.org/sentences/eng/2271713.mp3	[sound:2271713.mp3]
5420284	17	even	hatta, bile	Hatta kazanabiliriz = Biz kazanabiliriz bile.	We might even win.	Hatta kazanabiliriz.	https://audio.tatoeba.org/sentences/eng/5420284.mp3	[sound:5420284.mp3]
2548832	17	even	hatta, bile		I wasn't even here.	Burada değildim bile.	https://audio.tatoeba.org/sentences/eng/2548832.mp3	[sound:2548832.mp3]
2548695	17	even	hatta, bile		I'm not even tired.	Ben yorgun bile değilim.	https://audio.tatoeba.org/sentences/eng/2548695.mp3	[sound:2548695.mp3]
2466814	17	even	hatta, bile		It's not even true.	Bu gerçek bile değil.	https://audio.tatoeba.org/sentences/eng/2466814.mp3	[sound:2466814.mp3]
4501953	17	even	eşit		The score was even.	Skor eşitti.	https://audio.tatoeba.org/sentences/eng/4501953.mp3	[sound:4501953.mp3]
2270359	17	even	hatta, bile		Don't even go there.	Hatta oraya gitme.	https://audio.tatoeba.org/sentences/eng/2270359.mp3	[sound:2270359.mp3]
2270360	17	even	hatta, bile		Don't even think it.	Hatta onu düşünme.	https://audio.tatoeba.org/sentences/eng/2270360.mp3	[sound:2270360.mp3]
5579385	17	even	eşit	got even = biz eşit olduk	I got even with Tom.	Tom'la ödeştim.	https://audio.tatoeba.org/sentences/eng/5579385.mp3	[sound:5579385.mp3]
2652517	17	even	hatta, bile		Nobody even noticed.	Kimse fark etmedi bile.	https://audio.tatoeba.org/sentences/eng/2652517.mp3	[sound:2652517.mp3]
1877235	17	even	hatta, bile		Tom can't even read.	Tom okuyamıyor bile.	https://audio.tatoeba.org/sentences/eng/1877235.mp3	[sound:1877235.mp3]
1745721	17	even	hatta, bile		He wasn't even there.	O orada bile değildi.	https://audio.tatoeba.org/sentences/eng/1745721.mp3	[sound:1745721.mp3]
2275206	17	even	hatta, bile		Don't even talk to me.	Hatta benimle konuşma.	https://audio.tatoeba.org/sentences/eng/2275206.mp3	[sound:2275206.mp3]
2275842	17	even	hatta, bile		I didn't even see you.	Seni görmedim bile.	https://audio.tatoeba.org/sentences/eng/2275842.mp3	[sound:2275842.mp3]
6019	17	even	hatta, bile		I work even on Sunday.	Pazar günü bile çalışırım.	https://audio.tatoeba.org/sentences/eng/6019.mp3	[sound:6019.mp3]
3312649	17	even	hatta, bile		We haven't even tried.	Biz denemedik bile.	https://audio.tatoeba.org/sentences/eng/3312649.mp3	[sound:3312649.mp3]
1553503	18	find	bulmak		Go find Tom.	Git Tom'u bul.	https://audio.tatoeba.org/sentences/eng/1553503.mp3	[sound:1553503.mp3]
2235839	18	find	bulmak		Just find Tom.	Sadece Tom'u bul.	https://audio.tatoeba.org/sentences/eng/2235839.mp3	[sound:2235839.mp3]
425758	18	find	bulmak		I must find it.	Onu bulmak zorundayım.	https://audio.tatoeba.org/sentences/eng/425758.mp3	[sound:425758.mp3]
2007900	18	find	bulmak		Let's find Tom.	Hadi Tom'u bulalım.	https://audio.tatoeba.org/sentences/eng/2007900.mp3	[sound:2007900.mp3]
239285	18	find	bulmak		Can you find it?	Onu bulabilir misin?	https://audio.tatoeba.org/sentences/eng/239285.mp3	[sound:239285.mp3]
3326672	18	find	bulmak		Did Tom find it?	Tom onu buldu mu?	https://audio.tatoeba.org/sentences/eng/3326672.mp3	[sound:3326672.mp3]
1887129	18	find	bulmak		I can't find it.	Onu bulamıyorum.	https://audio.tatoeba.org/sentences/eng/1887129.mp3	[sound:1887129.mp3]
3818676	18	find	bulmak		I'll find a way.	Bir yol bulacağım.	https://audio.tatoeba.org/sentences/eng/3818676.mp3	[sound:3818676.mp3]
2243556	18	find	bulmak		They'll find me.	Onlar beni bulacaklar.	https://audio.tatoeba.org/sentences/eng/2243556.mp3	[sound:2243556.mp3]
3392961	18	find	bulmak		Help me find Tom.	Tom'u bulmama yardım et.	https://audio.tatoeba.org/sentences/eng/3392961.mp3	[sound:3392961.mp3]
5858834	18	find	bulmak		I must find work.	İş bulmalıyım.	https://audio.tatoeba.org/sentences/eng/5858834.mp3	[sound:5858834.mp3]
252187	18	find	bulmak	have to = must	I have to find it.	Ben onu bulmak zorundayım.	https://audio.tatoeba.org/sentences/eng/252187.mp3	[sound:252187.mp3]
6780530	18	find	bulmak		I hope we find it.	Umarım onu buluruz.	https://audio.tatoeba.org/sentences/eng/6780530.mp3	[sound:6780530.mp3]
6780532	18	find	bulmak	need = should = gerek	I need to find it.	Onu bulmam gerek.	https://audio.tatoeba.org/sentences/eng/6780532.mp3	[sound:6780532.mp3]
2011408	18	find	bulmak		I want to find Tom.	Tom'u bulmak istiyorum.	https://audio.tatoeba.org/sentences/eng/2011408.mp3	[sound:2011408.mp3]
26403	18	find	bulmak		I find swimming fun.	Ben yüzmeyi eğlenceli buluyorum.	https://audio.tatoeba.org/sentences/eng/26403.mp3	[sound:26403.mp3]
2548412	18	find	bulmak		I tried to find Tom.	Tom'u bulmaya çalıştım.	https://audio.tatoeba.org/sentences/eng/2548412.mp3	[sound:2548412.mp3]
2359718	18	find	bulmak	have got to = have to = must	I've got to find it.	Onu bulmalıyım.	https://audio.tatoeba.org/sentences/eng/2359718.mp3	[sound:2359718.mp3]
3439536	18	find	bulmak	would better = ...-sek iyi olur	We'd better find it.	Onu bulsak iyi olur.	https://audio.tatoeba.org/sentences/eng/3439536.mp3	[sound:3439536.mp3]
2375799	18	find	bulmak		I knew you'd find me.	Beni bulacağınızı biliyordum.	https://audio.tatoeba.org/sentences/eng/2375799.mp3	[sound:2375799.mp3]
3726814	18	find	bulmak		They'll find us jobs.	Onlar bize iş bulacaklar.	https://audio.tatoeba.org/sentences/eng/3726814.mp3	[sound:3726814.mp3]
1636147	18	find	bulmak		They're hard to find.	Onları bulmak zor.	https://audio.tatoeba.org/sentences/eng/1636147.mp3	[sound:1636147.mp3]
5109615	18	find	bulmak		Tom was easy to find.	Tom'u bulmak kolaydı.	https://audio.tatoeba.org/sentences/eng/5109615.mp3	[sound:5109615.mp3]
2376450	18	find	bulmak		I know where to find Tom.	Tom'u nerede bulacağımı biliyorum.	https://audio.tatoeba.org/sentences/eng/2376450.mp3	[sound:2376450.mp3]
2545566	18	find	bulmak		I was hoping to find you.	Seni bulmayı umuyordum.	https://audio.tatoeba.org/sentences/eng/2545566.mp3	[sound:2545566.mp3]
3374744	18	find	bulmak		It's up to us to find it.	Onu bulmak bize düşer.	https://audio.tatoeba.org/sentences/eng/3374744.mp3	[sound:3374744.mp3]
6824054	18	find	bulmak		Tell me where to find it.	Bana onun nerede bulunacağını söyle.	https://audio.tatoeba.org/sentences/eng/6824054.mp3	[sound:6824054.mp3]
6656255	18	find	bulmak	ask = sormak, istemek	Tom asked me to find you.	Tom seni bulmamı istedi.	https://audio.tatoeba.org/sentences/eng/6656255.mp3	[sound:6656255.mp3]
6267887	18	find	bulmak		I need to find a solution.	Bir çözüm bulmalıyım.	https://audio.tatoeba.org/sentences/eng/6267887.mp3	[sound:6267887.mp3]
66748	18	find	bulmak		You were lucky to find it.	Onu bulduğun için şanslıydın.	https://audio.tatoeba.org/sentences/eng/66748.mp3	[sound:66748.mp3]
1894549	18	find out	keşfetmek, bulmak, öğrenmek, çözmek	find out	Let's find out.	Keşfedelim.	https://audio.tatoeba.org/sentences/eng/1894549.mp3	[sound:1894549.mp3]
2215669	18	find out	keşfetmek, bulmak, öğrenmek, çözmek	find out	Tom will find out.	Tom keşfedecek.	https://audio.tatoeba.org/sentences/eng/2215669.mp3	[sound:2215669.mp3]
5178390	18	find out	keşfetmek, bulmak, öğrenmek, çözmek	find out	Let's find out why.	Nedenini keşfedelim.	https://audio.tatoeba.org/sentences/eng/5178390.mp3	[sound:5178390.mp3]
2250268	18	find out	keşfetmek, bulmak, öğrenmek, çözmek	find out	Tom won't find out.	Tom farkına varmayacak.	https://audio.tatoeba.org/sentences/eng/2250268.mp3	[sound:2250268.mp3]
1615173	18	find out	keşfetmek, bulmak, öğrenmek, çözmek	find out	We'll soon find out.	Yakında öğreneceğiz.	https://audio.tatoeba.org/sentences/eng/1615173.mp3	[sound:1615173.mp3]
3821691	18	find out	keşfetmek, bulmak, öğrenmek, çözmek	find out	Let's find a way out.	Bir çıkış yolu bulalım.	https://audio.tatoeba.org/sentences/eng/3821691.mp3	[sound:3821691.mp3]
3748293	18	find out	keşfetmek, bulmak, öğrenmek, çözmek	find out	No one will find out.	Kimse keşfetmeyecek.	https://audio.tatoeba.org/sentences/eng/3748293.mp3	[sound:3748293.mp3]
3342806	18	find out	keşfetmek, bulmak, öğrenmek, çözmek	find out	You'll soon find out.	Yakında öğreneceksin.	https://audio.tatoeba.org/sentences/eng/3342806.mp3	[sound:3342806.mp3]
3343220	18	find out	keşfetmek, bulmak, öğrenmek, çözmek	find out	Do you want to find out?	Öğrenmemi istiyor musun?	https://audio.tatoeba.org/sentences/eng/3343220.mp3	[sound:3343220.mp3]
2375837	18	find out	keşfetmek, bulmak, öğrenmek, çözmek	find out	I know a way to find out.	Öğrenmek için bir yol biliyorum.	https://audio.tatoeba.org/sentences/eng/2375837.mp3	[sound:2375837.mp3]
2202863	19	first	ilk, birinci		I'm first.	Ben birinciyim.	https://audio.tatoeba.org/sentences/eng/2202863.mp3	[sound:2202863.mp3]
2244889	19	first	ilk, birinci		Am I first?	Ben birinci miyim?	https://audio.tatoeba.org/sentences/eng/2244889.mp3	[sound:2244889.mp3]
2123499	19	first	ilk, birinci		Who's first?	Birinci kim?	https://audio.tatoeba.org/sentences/eng/2123499.mp3	[sound:2123499.mp3]
17945	19	first	ilk, birinci		You go first.	Siz önce gidin.	https://audio.tatoeba.org/sentences/eng/17945.mp3	[sound:17945.mp3]
2768617	19	first	ilk, birinci		He came first.	O önce geldi.	https://audio.tatoeba.org/sentences/eng/2768617.mp3	[sound:2768617.mp3]
5853255	19	first	ilk, birinci		I spoke first.	İlk ben konuştum.	https://audio.tatoeba.org/sentences/eng/5853255.mp3	[sound:5853255.mp3]
1934909	19	first	ilk, birinci		I saw it first.	Onu ilk ben gördüm.	https://audio.tatoeba.org/sentences/eng/1934909.mp3	[sound:1934909.mp3]
5850924	19	first	ilk, birinci		I arrived first.	Ben önce vardım.	https://audio.tatoeba.org/sentences/eng/5850924.mp3	[sound:5850924.mp3]
1265404	19	first	ilk, birinci		Let's eat first.	Önce yemek yiyelim.	https://audio.tatoeba.org/sentences/eng/1265404.mp3	[sound:1265404.mp3]
2049744	19	first	ilk, birinci		Read this first.	Önce bunu okuyun.	https://audio.tatoeba.org/sentences/eng/2049744.mp3	[sound:2049744.mp3]
4498687	19	first	ilk, birinci		I finished first.	İlk ben bitirdim.	https://audio.tatoeba.org/sentences/eng/4498687.mp3	[sound:4498687.mp3]
2329614	19	first	ilk, birinci		I got home first.	Önce eve geldim.	https://audio.tatoeba.org/sentences/eng/2329614.mp3	[sound:2329614.mp3]
1617812	19	first	ilk, birinci		I was here first.	Önce buradaydım.	https://audio.tatoeba.org/sentences/eng/1617812.mp3	[sound:1617812.mp3]
245523	19	first	ilk, birinci		It's April first.	Bugün bir Nisan.	https://audio.tatoeba.org/sentences/eng/245523.mp3	[sound:245523.mp3]
5860702	19	first	ilk, birinci		I'm first in line.	İlk sıradayım.	https://audio.tatoeba.org/sentences/eng/5860702.mp3	[sound:5860702.mp3]
3387139	19	first	ilk, birinci		First things first.	Her şeyin bir sırası var.	https://audio.tatoeba.org/sentences/eng/3387139.mp3	[sound:3387139.mp3]
5757545	19	first	ilk, birinci		I was sad at first.	İlk önce üzgündüm.	https://audio.tatoeba.org/sentences/eng/5757545.mp3	[sound:5757545.mp3]
4502977	19	first	ilk, birinci		It worked at first.	O başta çalıştı.	https://audio.tatoeba.org/sentences/eng/4502977.mp3	[sound:4502977.mp3]
24867	20	for	için		What for?	Ne için?	https://audio.tatoeba.org/sentences/eng/24867.mp3	[sound:24867.mp3]
4394847	20	for	için		Go for it.	Onun için git.	https://audio.tatoeba.org/sentences/eng/4394847.mp3	[sound:4394847.mp3]
2247998	20	for	için		I'm for it.	Onun lehindeyim.	https://audio.tatoeba.org/sentences/eng/2247998.mp3	[sound:2247998.mp3]
1640968	20	for	için		Run for it!	Kaçın!	https://audio.tatoeba.org/sentences/eng/1640968.mp3	[sound:1640968.mp3]
2235642	20	for	için		Ask for Tom.	Tom'u sor.	https://audio.tatoeba.org/sentences/eng/2235642.mp3	[sound:2235642.mp3]
1116995	20	for	için		Cook for me.	Benim için yemek pişir.	https://audio.tatoeba.org/sentences/eng/1116995.mp3	[sound:1116995.mp3]
2230764	20	for	için		Go for help.	Yardım için git.	https://audio.tatoeba.org/sentences/eng/2230764.mp3	[sound:2230764.mp3]
2549812	20	for	için		It's for me.	O benim için.	https://audio.tatoeba.org/sentences/eng/2549812.mp3	[sound:2549812.mp3]
2549811	20	for	için		It's for us.	O bizim için.	https://audio.tatoeba.org/sentences/eng/2549811.mp3	[sound:2549811.mp3]
2249823	20	for	için		Pray for me.	Benim için dua et.	https://audio.tatoeba.org/sentences/eng/2249823.mp3	[sound:2249823.mp3]
2484926	20	for	için		Vote for me!	Benim için oy verin!	https://audio.tatoeba.org/sentences/eng/2484926.mp3	[sound:2484926.mp3]
2253852	20	for	için		Wait for me.	Beni bekle.	https://audio.tatoeba.org/sentences/eng/2253852.mp3	[sound:2253852.mp3]
2245243	20	for	için		Cover for me.	Benim işime bak.	https://audio.tatoeba.org/sentences/eng/2245243.mp3	[sound:2245243.mp3]
2649241	20	for	için		Do it for me.	Bunu benim için yap.	https://audio.tatoeba.org/sentences/eng/2649241.mp3	[sound:2649241.mp3]
325869	20	for	için		Good for you.	Senin için iyi.	https://audio.tatoeba.org/sentences/eng/325869.mp3	[sound:325869.mp3]
325869	20	for	için		Good for you.	Aferin.	https://audio.tatoeba.org/sentences/eng/325869.mp3	[sound:325869.mp3]
2247999	20	for	için		I'm for that.	Onun tarafındayım.	https://audio.tatoeba.org/sentences/eng/2247999.mp3	[sound:2247999.mp3]
2549770	20	for	için		Is it for me?	O benim için mi?	https://audio.tatoeba.org/sentences/eng/2549770.mp3	[sound:2549770.mp3]
6028939	20	for	için		Do it for Tom.	Onu Tom için yap.	https://audio.tatoeba.org/sentences/eng/6028939.mp3	[sound:6028939.mp3]
2326201	20	for	için	fall for: bayılmak, çok sevmek	I fell for it.	Ona bayıldım.	https://audio.tatoeba.org/sentences/eng/2326201.mp3	[sound:2326201.mp3]
5840371	20	for	için		I paid for it.	Ben onu ödedim.	https://audio.tatoeba.org/sentences/eng/5840371.mp3	[sound:5840371.mp3]
322838	20	for	için	for free: ücretsiz	It's for free.	O ücretsiz.	https://audio.tatoeba.org/sentences/eng/322838.mp3	[sound:322838.mp3]
2249078	20	for	için	for sale: satılık	It's for sale.	Bu satılık.	https://audio.tatoeba.org/sentences/eng/2249078.mp3	[sound:2249078.mp3]
3706972	20	for	için	look for: aramak	Go look for it.	Git ara onu.	https://audio.tatoeba.org/sentences/eng/3706972.mp3	[sound:3706972.mp3]
2649152	20	for	için		Hold it for me.	Bunu benim için tut.	https://audio.tatoeba.org/sentences/eng/2649152.mp3	[sound:2649152.mp3]
853161	20	for	için		I came for you.	Senin için geldim.	https://audio.tatoeba.org/sentences/eng/853161.mp3	[sound:853161.mp3]
17448	20	for	için	feel for: hislerini anlamak	I feel for you.	Çektiklerinizi anlıyorum.	https://audio.tatoeba.org/sentences/eng/17448.mp3	[sound:17448.mp3]
5840538	20	for	için		I sang for Tom.	Tom için şarkı söyledim.	https://audio.tatoeba.org/sentences/eng/5840538.mp3	[sound:5840538.mp3]
2262002	20	for	için		I work for Tom.	Tom için çalışırım.	https://audio.tatoeba.org/sentences/eng/2262002.mp3	[sound:2262002.mp3]
2549635	20	for	için	for now: şimdilik	I'm OK for now.	Şimdilik iyiyim.	https://audio.tatoeba.org/sentences/eng/2549635.mp3	[sound:2549635.mp3]
275702	20	for	için	all for it: tamamen ondan tarafım	I'm all for it.	Ben tamamen destekliyorum.	https://audio.tatoeba.org/sentences/eng/275702.mp3	[sound:275702.mp3]
2250005	20	for	için		Stay for lunch.	Öğle yemeği için kalın.	https://audio.tatoeba.org/sentences/eng/2250005.mp3	[sound:2250005.mp3]
